pod_name,action,reward,done,cpu_request,memory_request,cpu_usage_node_0,cpu_usage_node_1,cpu_usage_node_2,cpu_usage_node_3,cpu_usage_node_4,cpu_usage_node_5,cpu_usage_node_6,cpu_usage_node_7,cpu_usage_node_8,cpu_usage_node_9
ordered-ray-56bd64c59c-gd22w,6,0.9845,0,1,2,1.0,1.0,1.0,0.9844,1.0,0.9844,0.9844,1.0,0.9844,0.9844
ordered-ray-56bd64c59c-k8kr9,3,0.9845,0,1,2,1.0,1.0,1.0,0.9844,1.0,0.9844,0.9844,1.0,0.9844,0.9844
ordered-ray-56bd64c59c-nnq2p,8,0.9845,0,1,2,1.0,1.0,1.0,0.9844,1.0,0.9844,0.9844,1.0,0.9844,0.9844
ordered-ray-56bd64c59c-kttdv,5,0.9845,0,1,2,1.0,1.0,1.0,0.9844,1.0,0.9844,0.9844,1.0,0.9844,0.9844
ordered-ray-56bd64c59c-6fftw,9,0.9845,1,1,2,1.0,1.0,1.0,0.9844,1.0,0.9844,0.9844,1.0,0.9844,0.9844
objective-estuary-7f9f954786-q8zzq,1,0.9848,0,1,2,0.9844,0.9844,0.9688,0.9688,0.9844,0.9688,0.9688,0.9844,0.9688,0.9688
objective-estuary-7f9f954786-5vz5k,7,0.9848,0,1,2,0.9844,0.9844,0.9688,0.9688,0.9844,0.9688,0.9688,0.9844,0.9688,0.9688
objective-estuary-7f9f954786-fcdbp,4,0.9848,0,1,2,0.9844,0.9844,0.9688,0.9688,0.9844,0.9688,0.9688,0.9844,0.9688,0.9688
objective-estuary-7f9f954786-mnrdl,2,0.9848,0,1,2,0.9844,0.9844,0.9688,0.9688,0.9844,0.9688,0.9688,0.9844,0.9688,0.9688
objective-estuary-7f9f954786-ld22k,3,0.4924,0,1,2,0.9844,0.9844,0.9688,0.9688,0.9844,0.9688,0.9688,0.9844,0.9688,0.9688
objective-estuary-7f9f954786-ts5bf,0,0.9848,0,1,2,0.9844,0.9844,0.9688,0.9688,0.9844,0.9688,0.9688,0.9844,0.9688,0.9688
objective-estuary-7f9f954786-p9st6,6,0.4924,0,1,2,0.9844,0.9844,0.9688,0.9688,0.9844,0.9688,0.9688,0.9844,0.9688,0.9688
objective-estuary-7f9f954786-shkqt,5,0.4924,0,1,2,0.9844,0.9844,0.9688,0.9688,0.9844,0.9688,0.9688,0.9844,0.9688,0.9688
objective-estuary-7f9f954786-c6wrl,9,0.4924,0,1,2,0.9844,0.9844,0.9688,0.9688,0.9844,0.9688,0.9688,0.9844,0.9688,0.9688
objective-estuary-7f9f954786-lzqh2,8,0.4924,0,1,2,0.9844,0.9844,0.9688,0.9688,0.9844,0.9688,0.9688,0.9844,0.9688,0.9688
objective-estuary-7f9f954786-k48pf,2,0.4924,1,1,2,0.9844,0.9844,0.9688,0.9688,0.9844,0.9688,0.9688,0.9844,0.9688,0.9688
concave-powerset-798b6dfd74-jr7t6,4,0.4953,0,1,2,0.9531,0.9531,0.9531,0.9531,0.9688,0.9531,0.9531,0.9531,0.9531,0.9531
concave-powerset-798b6dfd74-nz9nl,1,0.4953,0,1,2,0.9531,0.9531,0.9531,0.9531,0.9688,0.9531,0.9531,0.9531,0.9531,0.9531
concave-powerset-798b6dfd74-r5j5l,7,0.4953,0,1,2,0.9531,0.9531,0.9531,0.9531,0.9688,0.9531,0.9531,0.9531,0.9531,0.9531
concave-powerset-798b6dfd74-mr68f,0,0.4953,0,1,2,0.9531,0.9531,0.9531,0.9531,0.9688,0.9531,0.9531,0.9531,0.9531,0.9531
concave-powerset-798b6dfd74-f24gg,6,0.3302,0,1,2,0.9531,0.9531,0.9531,0.9531,0.9688,0.9531,0.9531,0.9531,0.9531,0.9531
concave-powerset-798b6dfd74-t5ddd,9,0.3302,0,1,2,0.9531,0.9531,0.9531,0.9531,0.9688,0.9531,0.9531,0.9531,0.9531,0.9531
concave-powerset-798b6dfd74-xjbwz,5,0.3302,0,1,2,0.9531,0.9531,0.9531,0.9531,0.9688,0.9531,0.9531,0.9531,0.9531,0.9531
concave-powerset-798b6dfd74-kvk5s,2,0.3302,0,1,2,0.9531,0.9531,0.9531,0.9531,0.9688,0.9531,0.9531,0.9531,0.9531,0.9531
concave-powerset-798b6dfd74-mlqwl,8,0.3302,0,1,2,0.9531,0.9531,0.9531,0.9531,0.9688,0.9531,0.9531,0.9531,0.9531,0.9531
concave-powerset-798b6dfd74-2h2tj,3,0.3302,0,1,2,0.9531,0.9531,0.9531,0.9531,0.9688,0.9531,0.9531,0.9531,0.9531,0.9531
concave-powerset-798b6dfd74-xtn46,1,0.3302,0,1,2,0.9531,0.9531,0.9531,0.9531,0.9688,0.9531,0.9531,0.9531,0.9531,0.9531
concave-powerset-798b6dfd74-blbl9,0,0.3302,0,1,2,0.9531,0.9531,0.9531,0.9531,0.9688,0.9531,0.9531,0.9531,0.9531,0.9531
concave-powerset-798b6dfd74-t5tf9,7,0.3302,1,1,2,0.9531,0.9531,0.9531,0.9531,0.9688,0.9531,0.9531,0.9531,0.9531,0.9531
complex-party-757b569dd5-5wgsg,4,0.3272,0,1,2,0.9219,0.9219,0.9375,0.9219,0.9531,0.9375,0.9375,0.9375,0.9375,0.9375
complex-party-757b569dd5-26s5c,1,0.2454,0,1,2,0.9219,0.9219,0.9375,0.9219,0.9531,0.9375,0.9375,0.9375,0.9375,0.9375
complex-party-757b569dd5-p9qzj,2,0.2454,0,1,2,0.9219,0.9219,0.9375,0.9219,0.9531,0.9375,0.9375,0.9375,0.9375,0.9375
complex-party-757b569dd5-8jqvv,7,0.2454,0,1,2,0.9219,0.9219,0.9375,0.9219,0.9531,0.9375,0.9375,0.9375,0.9375,0.9375
complex-party-757b569dd5-9f2dw,3,0.2454,0,1,2,0.9219,0.9219,0.9375,0.9219,0.9531,0.9375,0.9375,0.9375,0.9375,0.9375
complex-party-757b569dd5-h6bfn,9,0.2454,0,1,2,0.9219,0.9219,0.9375,0.9219,0.9531,0.9375,0.9375,0.9375,0.9375,0.9375
complex-party-757b569dd5-jlcxp,6,0.2454,0,1,2,0.9219,0.9219,0.9375,0.9219,0.9531,0.9375,0.9375,0.9375,0.9375,0.9375
complex-party-757b569dd5-pc6m7,0,0.2454,0,1,2,0.9219,0.9219,0.9375,0.9219,0.9531,0.9375,0.9375,0.9375,0.9375,0.9375
complex-party-757b569dd5-xzfl2,8,0.2454,0,1,2,0.9219,0.9219,0.9375,0.9219,0.9531,0.9375,0.9375,0.9375,0.9375,0.9375
complex-party-757b569dd5-hbpdr,5,0.2454,0,1,2,0.9219,0.9219,0.9375,0.9219,0.9531,0.9375,0.9375,0.9375,0.9375,0.9375
complex-party-757b569dd5-qnksx,3,0.1963,0,1,2,0.9219,0.9219,0.9375,0.9219,0.9531,0.9375,0.9375,0.9375,0.9375,0.9375
complex-party-757b569dd5-mvlx6,0,0.1963,0,1,2,0.9219,0.9219,0.9375,0.9219,0.9531,0.9375,0.9375,0.9375,0.9375,0.9375
complex-party-757b569dd5-tkwhx,1,0.1963,1,1,2,0.9219,0.9219,0.9375,0.9219,0.9531,0.9375,0.9375,0.9375,0.9375,0.9375
massive-dado-ff5c657d6-kzprn,9,0.1967,0,1,2,0.9219,0.9062,0.9219,0.9062,0.9375,0.9219,0.9219,0.9219,0.9219,0.9219
massive-dado-ff5c657d6-f2xvr,5,0.1967,0,1,2,0.9219,0.9062,0.9219,0.9062,0.9375,0.9219,0.9219,0.9219,0.9219,0.9219
massive-dado-ff5c657d6-wc4k8,2,0.1967,0,1,2,0.9219,0.9062,0.9219,0.9062,0.9375,0.9219,0.9219,0.9219,0.9219,0.9219
massive-dado-ff5c657d6-q7jsz,7,0.1967,0,1,2,0.9219,0.9062,0.9219,0.9062,0.9375,0.9219,0.9219,0.9219,0.9219,0.9219
massive-dado-ff5c657d6-jl9lx,6,0.1967,0,1,2,0.9219,0.9062,0.9219,0.9062,0.9375,0.9219,0.9219,0.9219,0.9219,0.9219
massive-dado-ff5c657d6-mfn4r,4,0.2458,0,1,2,0.9219,0.9062,0.9219,0.9062,0.9375,0.9219,0.9219,0.9219,0.9219,0.9219
massive-dado-ff5c657d6-b4hq4,8,0.1967,0,1,2,0.9219,0.9062,0.9219,0.9062,0.9375,0.9219,0.9219,0.9219,0.9219,0.9219
massive-dado-ff5c657d6-sx9f2,1,0.1639,0,1,2,0.9219,0.9062,0.9219,0.9062,0.9375,0.9219,0.9219,0.9219,0.9219,0.9219
massive-dado-ff5c657d6-4wmxr,3,0.1639,1,1,2,0.9219,0.9062,0.9219,0.9062,0.9375,0.9219,0.9219,0.9219,0.9219,0.9219
descriptive-sesame-5857b5648f-9dzmj,4,0.1975,0,1,2,0.9062,0.8906,0.9062,0.8906,0.9062,0.9062,0.9062,0.9062,0.9062,0.9062
descriptive-sesame-5857b5648f-qm8bq,8,0.1646,0,1,2,0.9062,0.8906,0.9062,0.8906,0.9062,0.9062,0.9062,0.9062,0.9062,0.9062
descriptive-sesame-5857b5648f-z6c7p,2,0.1646,0,1,2,0.9062,0.8906,0.9062,0.8906,0.9062,0.9062,0.9062,0.9062,0.9062,0.9062
descriptive-sesame-5857b5648f-5bdzm,9,0.1646,0,1,2,0.9062,0.8906,0.9062,0.8906,0.9062,0.9062,0.9062,0.9062,0.9062,0.9062
descriptive-sesame-5857b5648f-dz9sr,7,0.1646,0,1,2,0.9062,0.8906,0.9062,0.8906,0.9062,0.9062,0.9062,0.9062,0.9062,0.9062
descriptive-sesame-5857b5648f-94gt6,0,0.1646,0,1,2,0.9062,0.8906,0.9062,0.8906,0.9062,0.9062,0.9062,0.9062,0.9062,0.9062
descriptive-sesame-5857b5648f-fb5zj,5,0.1646,0,1,2,0.9062,0.8906,0.9062,0.8906,0.9062,0.9062,0.9062,0.9062,0.9062,0.9062
descriptive-sesame-5857b5648f-x5bf9,6,0.1646,0,1,2,0.9062,0.8906,0.9062,0.8906,0.9062,0.9062,0.9062,0.9062,0.9062,0.9062
descriptive-sesame-5857b5648f-zdkrv,1,0.1411,0,1,2,0.9062,0.8906,0.9062,0.8906,0.9062,0.9062,0.9062,0.9062,0.9062,0.9062
descriptive-sesame-5857b5648f-szn9c,3,0.1411,0,1,2,0.9062,0.8906,0.9062,0.8906,0.9062,0.9062,0.9062,0.9062,0.9062,0.9062
descriptive-sesame-5857b5648f-bs4tt,4,0.1646,1,1,2,0.9062,0.8906,0.9062,0.8906,0.9062,0.9062,0.9062,0.9062,0.9062,0.9062
curious-ohm-6c74687546-fj8q6,5,0.1408,0,1,2,0.875,0.875,0.875,0.875,0.875,0.875,0.8906,0.8906,0.8906,0.875
curious-ohm-6c74687546-llxwd,4,0.1408,0,1,2,0.875,0.875,0.875,0.875,0.875,0.875,0.8906,0.8906,0.8906,0.875
curious-ohm-6c74687546-p6pgf,9,0.1408,0,1,2,0.875,0.875,0.875,0.875,0.875,0.875,0.8906,0.8906,0.8906,0.875
curious-ohm-6c74687546-txpmb,8,0.1408,0,1,2,0.875,0.875,0.875,0.875,0.875,0.875,0.8906,0.8906,0.8906,0.875
curious-ohm-6c74687546-9vssq,2,0.1408,0,1,2,0.875,0.875,0.875,0.875,0.875,0.875,0.8906,0.8906,0.8906,0.875
curious-ohm-6c74687546-xb9km,7,0.1408,0,1,2,0.875,0.875,0.875,0.875,0.875,0.875,0.8906,0.8906,0.8906,0.875
curious-ohm-6c74687546-qntf2,0,0.1408,0,1,2,0.875,0.875,0.875,0.875,0.875,0.875,0.8906,0.8906,0.8906,0.875
curious-ohm-6c74687546-gjvzp,6,0.1408,0,1,2,0.875,0.875,0.875,0.875,0.875,0.875,0.8906,0.8906,0.8906,0.875
curious-ohm-6c74687546-zkhf5,3,0.1232,0,1,2,0.875,0.875,0.875,0.875,0.875,0.875,0.8906,0.8906,0.8906,0.875
curious-ohm-6c74687546-p8l7t,5,0.1232,0,1,2,0.875,0.875,0.875,0.875,0.875,0.875,0.8906,0.8906,0.8906,0.875
curious-ohm-6c74687546-wjcm4,1,0.1232,0,1,2,0.875,0.875,0.875,0.875,0.875,0.875,0.8906,0.8906,0.8906,0.875
curious-ohm-6c74687546-5psr7,0,0.1232,0,1,2,0.875,0.875,0.875,0.875,0.875,0.875,0.8906,0.8906,0.8906,0.875
curious-ohm-6c74687546-b9gxt,9,0.1232,0,1,2,0.875,0.875,0.875,0.875,0.875,0.875,0.8906,0.8906,0.8906,0.875
curious-ohm-6c74687546-pmfdj,4,0.1232,0,1,2,0.875,0.875,0.875,0.875,0.875,0.875,0.8906,0.8906,0.8906,0.875
curious-ohm-6c74687546-gnkgs,2,0.1232,1,1,2,0.875,0.875,0.875,0.875,0.875,0.875,0.8906,0.8906,0.8906,0.875
solid-radial-689749f676-kbn8x,7,0.1229,0,1,2,0.8594,0.8438,0.8594,0.8438,0.8594,0.8594,0.8594,0.875,0.8594,0.8594
solid-radial-689749f676-wkqqj,8,0.1229,0,1,2,0.8594,0.8438,0.8594,0.8438,0.8594,0.8594,0.8594,0.875,0.8594,0.8594
solid-radial-689749f676-hjc6q,6,0.1229,0,1,2,0.8594,0.8438,0.8594,0.8438,0.8594,0.8594,0.8594,0.875,0.8594,0.8594
solid-radial-689749f676-8vz7j,4,0.1093,0,1,2,0.8594,0.8438,0.8594,0.8438,0.8594,0.8594,0.8594,0.875,0.8594,0.8594
solid-radial-689749f676-sbdb9,5,0.1093,0,1,2,0.8594,0.8438,0.8594,0.8438,0.8594,0.8594,0.8594,0.875,0.8594,0.8594
solid-radial-689749f676-tvhfl,1,0.1093,0,1,2,0.8594,0.8438,0.8594,0.8438,0.8594,0.8594,0.8594,0.875,0.8594,0.8594
solid-radial-689749f676-d5dsg,2,0.1093,0,1,2,0.8594,0.8438,0.8594,0.8438,0.8594,0.8594,0.8594,0.875,0.8594,0.8594
solid-radial-689749f676-6j8ch,9,0.1093,0,1,2,0.8594,0.8438,0.8594,0.8438,0.8594,0.8594,0.8594,0.875,0.8594,0.8594
solid-radial-689749f676-q4mcg,0,0.1093,0,1,2,0.8594,0.8438,0.8594,0.8438,0.8594,0.8594,0.8594,0.875,0.8594,0.8594
solid-radial-689749f676-vz59h,6,0.1093,0,1,2,0.8594,0.8438,0.8594,0.8438,0.8594,0.8594,0.8594,0.875,0.8594,0.8594
solid-radial-689749f676-p64hm,1,0.0983,0,1,2,0.8594,0.8438,0.8594,0.8438,0.8594,0.8594,0.8594,0.875,0.8594,0.8594
solid-radial-689749f676-7mlfj,3,0.1093,0,1,2,0.8594,0.8438,0.8594,0.8438,0.8594,0.8594,0.8594,0.875,0.8594,0.8594
solid-radial-689749f676-cvb2v,8,0.1093,0,1,2,0.8594,0.8438,0.8594,0.8438,0.8594,0.8594,0.8594,0.875,0.8594,0.8594
solid-radial-689749f676-dc58p,3,0.0983,1,1,2,0.8594,0.8438,0.8594,0.8438,0.8594,0.8594,0.8594,0.875,0.8594,0.8594
late-click-6677d7bc86-tx8ws,0,0.0983,0,1,2,0.8438,0.8281,0.8438,0.8281,0.8438,0.8438,0.8438,0.8594,0.8438,0.8438
late-click-6677d7bc86-7xvtd,9,0.0983,0,1,2,0.8438,0.8281,0.8438,0.8281,0.8438,0.8438,0.8438,0.8594,0.8438,0.8438
late-click-6677d7bc86-657gr,7,0.1093,0,1,2,0.8438,0.8281,0.8438,0.8281,0.8438,0.8438,0.8438,0.8594,0.8438,0.8438
late-click-6677d7bc86-mwsvh,5,0.0983,0,1,2,0.8438,0.8281,0.8438,0.8281,0.8438,0.8438,0.8438,0.8594,0.8438,0.8438
late-click-6677d7bc86-xlxsc,2,0.0983,0,1,2,0.8438,0.8281,0.8438,0.8281,0.8438,0.8438,0.8438,0.8594,0.8438,0.8438
late-click-6677d7bc86-bvdd7,8,0.0983,0,1,2,0.8438,0.8281,0.8438,0.8281,0.8438,0.8438,0.8438,0.8594,0.8438,0.8438
late-click-6677d7bc86-2z9b6,6,0.0983,0,1,2,0.8438,0.8281,0.8438,0.8281,0.8438,0.8438,0.8438,0.8594,0.8438,0.8438
late-click-6677d7bc86-tgdx8,4,0.0983,0,1,2,0.8438,0.8281,0.8438,0.8281,0.8438,0.8438,0.8438,0.8594,0.8438,0.8438
late-click-6677d7bc86-n6lb8,1,0.0894,0,1,2,0.8438,0.8281,0.8438,0.8281,0.8438,0.8438,0.8438,0.8594,0.8438,0.8438
late-click-6677d7bc86-lrz7w,3,0.0894,1,1,2,0.8438,0.8281,0.8438,0.8281,0.8438,0.8438,0.8438,0.8594,0.8438,0.8438
woolen-holder-f9f97dcd5-ch4nb,7,0.0986,0,1,2,0.8281,0.8125,0.8281,0.8125,0.8281,0.8281,0.8281,0.8281,0.8281,0.8125
woolen-holder-f9f97dcd5-7nbnk,8,0.0896,0,1,2,0.8281,0.8125,0.8281,0.8125,0.8281,0.8281,0.8281,0.8281,0.8281,0.8125
woolen-holder-f9f97dcd5-7shhf,4,0.0896,0,1,2,0.8281,0.8125,0.8281,0.8125,0.8281,0.8281,0.8281,0.8281,0.8281,0.8125
woolen-holder-f9f97dcd5-dz75g,9,0.0896,0,1,2,0.8281,0.8125,0.8281,0.8125,0.8281,0.8281,0.8281,0.8281,0.8281,0.8125
woolen-holder-f9f97dcd5-2wg6f,0,0.0896,0,1,2,0.8281,0.8125,0.8281,0.8125,0.8281,0.8281,0.8281,0.8281,0.8281,0.8125
woolen-holder-f9f97dcd5-4mp5c,6,0.0896,0,1,2,0.8281,0.8125,0.8281,0.8125,0.8281,0.8281,0.8281,0.8281,0.8281,0.8125
woolen-holder-f9f97dcd5-nw7wf,5,0.0896,0,1,2,0.8281,0.8125,0.8281,0.8125,0.8281,0.8281,0.8281,0.8281,0.8281,0.8125
woolen-holder-f9f97dcd5-8zr6d,2,0.0896,0,1,2,0.8281,0.8125,0.8281,0.8125,0.8281,0.8281,0.8281,0.8281,0.8281,0.8125
woolen-holder-f9f97dcd5-n6jmr,3,0.0822,0,1,2,0.8281,0.8125,0.8281,0.8125,0.8281,0.8281,0.8281,0.8281,0.8281,0.8125
woolen-holder-f9f97dcd5-4cf4r,1,0.0822,0,1,2,0.8281,0.8125,0.8281,0.8125,0.8281,0.8281,0.8281,0.8281,0.8281,0.8125
woolen-holder-f9f97dcd5-z5rdq,7,0.0896,0,1,2,0.8281,0.8125,0.8281,0.8125,0.8281,0.8281,0.8281,0.8281,0.8281,0.8125
woolen-holder-f9f97dcd5-rt7kw,9,0.0822,1,1,2,0.8281,0.8125,0.8281,0.8125,0.8281,0.8281,0.8281,0.8281,0.8281,0.8125
insulated-gear-6c99f99c5c-vdz4w,4,0.0826,0,1,2,0.8125,0.7969,0.8125,0.8125,0.8125,0.8125,0.8125,0.8125,0.8125,0.8125
insulated-gear-6c99f99c5c-whbf2,5,0.0826,0,1,2,0.8125,0.7969,0.8125,0.8125,0.8125,0.8125,0.8125,0.8125,0.8125,0.8125
insulated-gear-6c99f99c5c-crs6t,0,0.0826,0,1,2,0.8125,0.7969,0.8125,0.8125,0.8125,0.8125,0.8125,0.8125,0.8125,0.8125
insulated-gear-6c99f99c5c-f7t9r,8,0.0826,0,1,2,0.8125,0.7969,0.8125,0.8125,0.8125,0.8125,0.8125,0.8125,0.8125,0.8125
insulated-gear-6c99f99c5c-m2kjg,6,0.0826,0,1,2,0.8125,0.7969,0.8125,0.8125,0.8125,0.8125,0.8125,0.8125,0.8125,0.8125
insulated-gear-6c99f99c5c-5ffvz,7,0.0826,0,1,2,0.8125,0.7969,0.8125,0.8125,0.8125,0.8125,0.8125,0.8125,0.8125,0.8125
insulated-gear-6c99f99c5c-vjn9x,2,0.0826,0,1,2,0.8125,0.7969,0.8125,0.8125,0.8125,0.8125,0.8125,0.8125,0.8125,0.8125
insulated-gear-6c99f99c5c-sht7z,1,0.0762,1,1,2,0.8125,0.7969,0.8125,0.8125,0.8125,0.8125,0.8125,0.8125,0.8125,0.8125
isometric-turkey-85fb8d94b-kw7m4,7,0.0757,0,1,2,0.7969,0.7812,0.7812,0.7969,0.7812,0.7969,0.7812,0.7812,0.7969,0.7812
isometric-turkey-85fb8d94b-sqzk6,9,0.0757,0,1,2,0.7969,0.7812,0.7812,0.7969,0.7812,0.7969,0.7812,0.7812,0.7969,0.7812
isometric-turkey-85fb8d94b-g924r,4,0.0757,0,1,2,0.7969,0.7812,0.7812,0.7969,0.7812,0.7969,0.7812,0.7812,0.7969,0.7812
isometric-turkey-85fb8d94b-bwzjg,6,0.0757,0,1,2,0.7969,0.7812,0.7812,0.7969,0.7812,0.7969,0.7812,0.7812,0.7969,0.7812
isometric-turkey-85fb8d94b-n9d68,8,0.0757,0,1,2,0.7969,0.7812,0.7812,0.7969,0.7812,0.7969,0.7812,0.7812,0.7969,0.7812
isometric-turkey-85fb8d94b-f8f48,3,0.0757,0,1,2,0.7969,0.7812,0.7812,0.7969,0.7812,0.7969,0.7812,0.7812,0.7969,0.7812
isometric-turkey-85fb8d94b-d7rrg,0,0.0757,0,1,2,0.7969,0.7812,0.7812,0.7969,0.7812,0.7969,0.7812,0.7812,0.7969,0.7812
isometric-turkey-85fb8d94b-btc5f,2,0.0757,0,1,2,0.7969,0.7812,0.7812,0.7969,0.7812,0.7969,0.7812,0.7812,0.7969,0.7812
isometric-turkey-85fb8d94b-26kt4,5,0.0757,0,1,2,0.7969,0.7812,0.7812,0.7969,0.7812,0.7969,0.7812,0.7812,0.7969,0.7812
isometric-turkey-85fb8d94b-rkxc6,1,0.0703,0,1,2,0.7969,0.7812,0.7812,0.7969,0.7812,0.7969,0.7812,0.7812,0.7969,0.7812
isometric-turkey-85fb8d94b-bqsmw,2,0.0703,0,1,2,0.7969,0.7812,0.7812,0.7969,0.7812,0.7969,0.7812,0.7812,0.7969,0.7812
isometric-turkey-85fb8d94b-pzpm9,9,0.0703,0,1,2,0.7969,0.7812,0.7812,0.7969,0.7812,0.7969,0.7812,0.7812,0.7969,0.7812
isometric-turkey-85fb8d94b-d6lzc,6,0.0703,0,1,2,0.7969,0.7812,0.7812,0.7969,0.7812,0.7969,0.7812,0.7812,0.7969,0.7812
isometric-turkey-85fb8d94b-bcmdm,4,0.0703,0,1,2,0.7969,0.7812,0.7812,0.7969,0.7812,0.7969,0.7812,0.7812,0.7969,0.7812
isometric-turkey-85fb8d94b-g7f2c,7,0.0703,1,1,2,0.7969,0.7812,0.7812,0.7969,0.7812,0.7969,0.7812,0.7812,0.7969,0.7812
adiabatic-synth-7b864c77c7-dx2h7,3,0.0705,0,1,2,0.7656,0.7656,0.7656,0.7812,0.7656,0.7656,0.7656,0.7656,0.7812,0.7656
adiabatic-synth-7b864c77c7-rjpmm,0,0.0705,0,1,2,0.7656,0.7656,0.7656,0.7812,0.7656,0.7656,0.7656,0.7656,0.7812,0.7656
adiabatic-synth-7b864c77c7-qgfbh,5,0.0705,0,1,2,0.7656,0.7656,0.7656,0.7812,0.7656,0.7656,0.7656,0.7656,0.7812,0.7656
adiabatic-synth-7b864c77c7-4l867,8,0.0705,0,1,2,0.7656,0.7656,0.7656,0.7812,0.7656,0.7656,0.7656,0.7656,0.7812,0.7656
adiabatic-synth-7b864c77c7-8hlw4,4,0.0658,0,1,2,0.7656,0.7656,0.7656,0.7812,0.7656,0.7656,0.7656,0.7656,0.7812,0.7656
adiabatic-synth-7b864c77c7-nrvjm,7,0.0658,0,1,2,0.7656,0.7656,0.7656,0.7812,0.7656,0.7656,0.7656,0.7656,0.7812,0.7656
adiabatic-synth-7b864c77c7-pxhhh,6,0.0658,0,1,2,0.7656,0.7656,0.7656,0.7812,0.7656,0.7656,0.7656,0.7656,0.7812,0.7656
adiabatic-synth-7b864c77c7-tddhp,9,0.0658,0,1,2,0.7656,0.7656,0.7656,0.7812,0.7656,0.7656,0.7656,0.7656,0.7812,0.7656
adiabatic-synth-7b864c77c7-qr5vc,2,0.0658,0,1,2,0.7656,0.7656,0.7656,0.7812,0.7656,0.7656,0.7656,0.7656,0.7812,0.7656
adiabatic-synth-7b864c77c7-qvcc5,1,0.0658,0,1,2,0.7656,0.7656,0.7656,0.7812,0.7656,0.7656,0.7656,0.7656,0.7812,0.7656
adiabatic-synth-7b864c77c7-vhg9r,5,0.0658,0,1,2,0.7656,0.7656,0.7656,0.7812,0.7656,0.7656,0.7656,0.7656,0.7812,0.7656
adiabatic-synth-7b864c77c7-mmfn4,0,0.0658,1,1,2,0.7656,0.7656,0.7656,0.7812,0.7656,0.7656,0.7656,0.7656,0.7812,0.7656
savage-flamingo-6ddc584dcc-vf6sf,8,0.0656,0,1,2,0.75,0.75,0.75,0.7656,0.75,0.7656,0.7656,0.7656,0.7656,0.75
savage-flamingo-6ddc584dcc-9rjt4,3,0.0656,0,1,2,0.75,0.75,0.75,0.7656,0.75,0.7656,0.7656,0.7656,0.7656,0.75
savage-flamingo-6ddc584dcc-xgn4c,4,0.0615,0,1,2,0.75,0.75,0.75,0.7656,0.75,0.7656,0.7656,0.7656,0.7656,0.75
savage-flamingo-6ddc584dcc-b2tzl,2,0.0615,0,1,2,0.75,0.75,0.75,0.7656,0.75,0.7656,0.7656,0.7656,0.7656,0.75
savage-flamingo-6ddc584dcc-pqlbv,0,0.0615,0,1,2,0.75,0.75,0.75,0.7656,0.75,0.7656,0.7656,0.7656,0.7656,0.75
savage-flamingo-6ddc584dcc-lbbmc,9,0.0615,0,1,2,0.75,0.75,0.75,0.7656,0.75,0.7656,0.7656,0.7656,0.7656,0.75
savage-flamingo-6ddc584dcc-7ct7m,1,0.0615,1,1,2,0.75,0.75,0.75,0.7656,0.75,0.7656,0.7656,0.7656,0.7656,0.75
contemporary-battery-c4b4555df-tsn2s,6,0.0615,0,1,2,0.7344,0.7344,0.7344,0.75,0.7344,0.75,0.75,0.75,0.75,0.7344
contemporary-battery-c4b4555df-vvq7m,3,0.0615,0,1,2,0.7344,0.7344,0.7344,0.75,0.7344,0.75,0.75,0.75,0.75,0.7344
contemporary-battery-c4b4555df-gjtjz,8,0.0615,0,1,2,0.7344,0.7344,0.7344,0.75,0.7344,0.75,0.75,0.75,0.75,0.7344
contemporary-battery-c4b4555df-t2qzh,7,0.0615,0,1,2,0.7344,0.7344,0.7344,0.75,0.7344,0.75,0.75,0.75,0.75,0.7344
contemporary-battery-c4b4555df-m6scr,5,0.0615,0,1,2,0.7344,0.7344,0.7344,0.75,0.7344,0.75,0.75,0.75,0.75,0.7344
contemporary-battery-c4b4555df-w4xn7,0,0.0579,0,1,2,0.7344,0.7344,0.7344,0.75,0.7344,0.75,0.75,0.75,0.75,0.7344
contemporary-battery-c4b4555df-jw2rs,4,0.0579,0,1,2,0.7344,0.7344,0.7344,0.75,0.7344,0.75,0.75,0.75,0.75,0.7344
contemporary-battery-c4b4555df-cwr8l,1,0.0579,0,1,2,0.7344,0.7344,0.7344,0.75,0.7344,0.75,0.75,0.75,0.75,0.7344
contemporary-battery-c4b4555df-84hhc,2,0.0579,0,1,2,0.7344,0.7344,0.7344,0.75,0.7344,0.75,0.75,0.75,0.75,0.7344
contemporary-battery-c4b4555df-rftjm,9,0.0579,1,1,2,0.7344,0.7344,0.7344,0.75,0.7344,0.75,0.75,0.75,0.75,0.7344
muted-matrix-67f6965f64-zt6sr,7,0.0583,0,1,2,0.7344,0.7344,0.7188,0.7344,0.7344,0.7344,0.7344,0.7344,0.7344,0.7344
muted-matrix-67f6965f64-47p2f,5,0.0583,0,1,2,0.7344,0.7344,0.7188,0.7344,0.7344,0.7344,0.7344,0.7344,0.7344,0.7344
muted-matrix-67f6965f64-l2n46,3,0.0583,0,1,2,0.7344,0.7344,0.7188,0.7344,0.7344,0.7344,0.7344,0.7344,0.7344,0.7344
muted-matrix-67f6965f64-kpcsv,8,0.0583,0,1,2,0.7344,0.7344,0.7188,0.7344,0.7344,0.7344,0.7344,0.7344,0.7344,0.7344
muted-matrix-67f6965f64-2w8fd,6,0.0583,0,1,2,0.7344,0.7344,0.7188,0.7344,0.7344,0.7344,0.7344,0.7344,0.7344,0.7344
muted-matrix-67f6965f64-jc6l8,2,0.055,1,1,2,0.7344,0.7344,0.7188,0.7344,0.7344,0.7344,0.7344,0.7344,0.7344,0.7344
red-property-755f7fcdbc-wfb2z,3,0.0556,0,1,2,0.7188,0.7188,0.7188,0.7188,0.7188,0.7188,0.7188,0.7188,0.7188,0.7188
red-property-755f7fcdbc-m6hzf,4,0.0556,0,1,2,0.7188,0.7188,0.7188,0.7188,0.7188,0.7188,0.7188,0.7188,0.7188,0.7188
red-property-755f7fcdbc-k47hj,0,0.0556,0,1,2,0.7188,0.7188,0.7188,0.7188,0.7188,0.7188,0.7188,0.7188,0.7188,0.7188
red-property-755f7fcdbc-5hl9s,1,0.0556,0,1,2,0.7188,0.7188,0.7188,0.7188,0.7188,0.7188,0.7188,0.7188,0.7188,0.7188
red-property-755f7fcdbc-w2sg2,5,0.0556,0,1,2,0.7188,0.7188,0.7188,0.7188,0.7188,0.7188,0.7188,0.7188,0.7188,0.7188
red-property-755f7fcdbc-lzfh9,9,0.0556,0,1,2,0.7188,0.7188,0.7188,0.7188,0.7188,0.7188,0.7188,0.7188,0.7188,0.7188
red-property-755f7fcdbc-rllwn,7,0.0556,0,1,2,0.7188,0.7188,0.7188,0.7188,0.7188,0.7188,0.7188,0.7188,0.7188,0.7188
red-property-755f7fcdbc-r5294,6,0.0556,0,1,2,0.7188,0.7188,0.7188,0.7188,0.7188,0.7188,0.7188,0.7188,0.7188,0.7188
red-property-755f7fcdbc-jrsmk,8,0.0556,1,1,2,0.7188,0.7188,0.7188,0.7188,0.7188,0.7188,0.7188,0.7188,0.7188,0.7188
little-amplifier-794bf854d5-lq5tb,1,0.0519,0,1,2,0.6875,0.7031,0.7031,0.7031,0.7031,0.7031,0.6875,0.6875,0.7031,0.7031
little-amplifier-794bf854d5-ktrg2,7,0.0519,0,1,2,0.6875,0.7031,0.7031,0.7031,0.7031,0.7031,0.6875,0.6875,0.7031,0.7031
little-amplifier-794bf854d5-f6jpp,9,0.0519,0,1,2,0.6875,0.7031,0.7031,0.7031,0.7031,0.7031,0.6875,0.6875,0.7031,0.7031
little-amplifier-794bf854d5-wqzsf,8,0.0519,0,1,2,0.6875,0.7031,0.7031,0.7031,0.7031,0.7031,0.6875,0.6875,0.7031,0.7031
little-amplifier-794bf854d5-57f2z,6,0.0519,0,1,2,0.6875,0.7031,0.7031,0.7031,0.7031,0.7031,0.6875,0.6875,0.7031,0.7031
little-amplifier-794bf854d5-2xzhn,4,0.0519,0,1,2,0.6875,0.7031,0.7031,0.7031,0.7031,0.7031,0.6875,0.6875,0.7031,0.7031
little-amplifier-794bf854d5-fvw75,5,0.0519,0,1,2,0.6875,0.7031,0.7031,0.7031,0.7031,0.7031,0.6875,0.6875,0.7031,0.7031
little-amplifier-794bf854d5-qzkkz,2,0.0519,0,1,2,0.6875,0.7031,0.7031,0.7031,0.7031,0.7031,0.6875,0.6875,0.7031,0.7031
little-amplifier-794bf854d5-2jdx9,3,0.0519,0,1,2,0.6875,0.7031,0.7031,0.7031,0.7031,0.7031,0.6875,0.6875,0.7031,0.7031
little-amplifier-794bf854d5-hn5sh,0,0.0519,0,1,2,0.6875,0.7031,0.7031,0.7031,0.7031,0.7031,0.6875,0.6875,0.7031,0.7031
little-amplifier-794bf854d5-5kqtq,7,0.0493,0,1,2,0.6875,0.7031,0.7031,0.7031,0.7031,0.7031,0.6875,0.6875,0.7031,0.7031
little-amplifier-794bf854d5-hvl7h,6,0.0493,0,1,2,0.6875,0.7031,0.7031,0.7031,0.7031,0.7031,0.6875,0.6875,0.7031,0.7031
little-amplifier-794bf854d5-7kmts,0,0.0493,1,1,2,0.6875,0.7031,0.7031,0.7031,0.7031,0.7031,0.6875,0.6875,0.7031,0.7031
roaring-interval-865b55669b-7pf8h,2,0.0492,0,1,2,0.6719,0.6875,0.6719,0.6875,0.6875,0.6875,0.6719,0.6719,0.6875,0.6875
roaring-interval-865b55669b-h89sb,9,0.0492,0,1,2,0.6719,0.6875,0.6719,0.6875,0.6875,0.6875,0.6719,0.6719,0.6875,0.6875
roaring-interval-865b55669b-zvxjj,3,0.0492,0,1,2,0.6719,0.6875,0.6719,0.6875,0.6875,0.6875,0.6719,0.6719,0.6875,0.6875
roaring-interval-865b55669b-qhdjc,1,0.0492,0,1,2,0.6719,0.6875,0.6719,0.6875,0.6875,0.6875,0.6719,0.6719,0.6875,0.6875
roaring-interval-865b55669b-mpbzh,8,0.0492,0,1,2,0.6719,0.6875,0.6719,0.6875,0.6875,0.6875,0.6719,0.6719,0.6875,0.6875
roaring-interval-865b55669b-fk48b,4,0.0492,0,1,2,0.6719,0.6875,0.6719,0.6875,0.6875,0.6875,0.6719,0.6719,0.6875,0.6875
roaring-interval-865b55669b-lkzn6,5,0.0492,0,1,2,0.6719,0.6875,0.6719,0.6875,0.6875,0.6875,0.6719,0.6719,0.6875,0.6875
roaring-interval-865b55669b-v6wb8,6,0.0469,0,1,2,0.6719,0.6875,0.6719,0.6875,0.6875,0.6875,0.6719,0.6719,0.6875,0.6875
roaring-interval-865b55669b-fc9w8,7,0.0469,0,1,2,0.6719,0.6875,0.6719,0.6875,0.6875,0.6875,0.6719,0.6719,0.6875,0.6875
roaring-interval-865b55669b-5rgtw,0,0.0469,0,1,2,0.6719,0.6875,0.6719,0.6875,0.6875,0.6875,0.6719,0.6719,0.6875,0.6875
roaring-interval-865b55669b-r6jdb,2,0.0469,1,1,2,0.6719,0.6875,0.6719,0.6875,0.6875,0.6875,0.6719,0.6719,0.6875,0.6875
gourmet-leaf-5999b6cd78-b8prl,8,0.0466,0,1,2,0.6562,0.6562,0.6562,0.6719,0.6719,0.6719,0.6562,0.6406,0.6719,0.6719
gourmet-leaf-5999b6cd78-7xmzh,3,0.0466,0,1,2,0.6562,0.6562,0.6562,0.6719,0.6719,0.6719,0.6562,0.6406,0.6719,0.6719
gourmet-leaf-5999b6cd78-jng2x,1,0.0466,0,1,2,0.6562,0.6562,0.6562,0.6719,0.6719,0.6719,0.6562,0.6406,0.6719,0.6719
gourmet-leaf-5999b6cd78-hhl8d,5,0.0466,0,1,2,0.6562,0.6562,0.6562,0.6719,0.6719,0.6719,0.6562,0.6406,0.6719,0.6719
gourmet-leaf-5999b6cd78-gn78l,9,0.0466,0,1,2,0.6562,0.6562,0.6562,0.6719,0.6719,0.6719,0.6562,0.6406,0.6719,0.6719
gourmet-leaf-5999b6cd78-ctgc5,6,0.0445,0,1,2,0.6562,0.6562,0.6562,0.6719,0.6719,0.6719,0.6562,0.6406,0.6719,0.6719
gourmet-leaf-5999b6cd78-gqrzh,4,0.0466,0,1,2,0.6562,0.6562,0.6562,0.6719,0.6719,0.6719,0.6562,0.6406,0.6719,0.6719
gourmet-leaf-5999b6cd78-w2lxg,7,0.0445,0,1,2,0.6562,0.6562,0.6562,0.6719,0.6719,0.6719,0.6562,0.6406,0.6719,0.6719
gourmet-leaf-5999b6cd78-jdrlm,0,0.0445,0,1,2,0.6562,0.6562,0.6562,0.6719,0.6719,0.6719,0.6562,0.6406,0.6719,0.6719
gourmet-leaf-5999b6cd78-v2bz2,2,0.0445,0,1,2,0.6562,0.6562,0.6562,0.6719,0.6719,0.6719,0.6562,0.6406,0.6719,0.6719
gourmet-leaf-5999b6cd78-mbw9q,7,0.0426,0,1,2,0.6562,0.6562,0.6562,0.6719,0.6719,0.6719,0.6562,0.6406,0.6719,0.6719
gourmet-leaf-5999b6cd78-j8fph,1,0.0445,1,1,2,0.6562,0.6562,0.6562,0.6719,0.6719,0.6719,0.6562,0.6406,0.6719,0.6719
raw-dado-6674bd9dd8-4htl8,5,0.0446,0,1,2,0.6406,0.6406,0.6562,0.6719,0.6562,0.6562,0.6406,0.6406,0.6562,0.6562
raw-dado-6674bd9dd8-kjgrt,0,0.0426,0,1,2,0.6406,0.6406,0.6562,0.6719,0.6562,0.6562,0.6406,0.6406,0.6562,0.6562
raw-dado-6674bd9dd8-c22rr,6,0.0426,0,1,2,0.6406,0.6406,0.6562,0.6719,0.6562,0.6562,0.6406,0.6406,0.6562,0.6562
raw-dado-6674bd9dd8-24nbq,8,0.0446,0,1,2,0.6406,0.6406,0.6562,0.6719,0.6562,0.6562,0.6406,0.6406,0.6562,0.6562
raw-dado-6674bd9dd8-hs4zg,9,0.0446,0,1,2,0.6406,0.6406,0.6562,0.6719,0.6562,0.6562,0.6406,0.6406,0.6562,0.6562
raw-dado-6674bd9dd8-nhpqq,4,0.0446,0,1,2,0.6406,0.6406,0.6562,0.6719,0.6562,0.6562,0.6406,0.6406,0.6562,0.6562
raw-dado-6674bd9dd8-9bl4k,1,0.0426,1,1,2,0.6406,0.6406,0.6562,0.6719,0.6562,0.6562,0.6406,0.6406,0.6562,0.6562
neat-width-69d5548886-zx92b,5,0.0429,0,1,2,0.6406,0.6406,0.6406,0.6562,0.6406,0.6406,0.625,0.6406,0.6406,0.6406
neat-width-69d5548886-w7gbt,9,0.0429,0,1,2,0.6406,0.6406,0.6406,0.6562,0.6406,0.6406,0.625,0.6406,0.6406,0.6406
neat-width-69d5548886-bxmhs,8,0.0429,0,1,2,0.6406,0.6406,0.6406,0.6562,0.6406,0.6406,0.625,0.6406,0.6406,0.6406
neat-width-69d5548886-kc2n6,4,0.0429,0,1,2,0.6406,0.6406,0.6406,0.6562,0.6406,0.6406,0.625,0.6406,0.6406,0.6406
neat-width-69d5548886-9bhfp,2,0.0429,0,1,2,0.6406,0.6406,0.6406,0.6562,0.6406,0.6406,0.625,0.6406,0.6406,0.6406
neat-width-69d5548886-ddrwk,3,0.0448,0,1,2,0.6406,0.6406,0.6406,0.6562,0.6406,0.6406,0.625,0.6406,0.6406,0.6406
neat-width-69d5548886-mlghm,6,0.0411,1,1,2,0.6406,0.6406,0.6406,0.6562,0.6406,0.6406,0.625,0.6406,0.6406,0.6406
selfish-gravity-b64984489-gp7lv,3,0.0429,0,1,2,0.625,0.625,0.625,0.6406,0.625,0.625,0.6094,0.625,0.625,0.625
selfish-gravity-b64984489-p4th4,8,0.0411,0,1,2,0.625,0.625,0.625,0.6406,0.625,0.625,0.6094,0.625,0.625,0.625
selfish-gravity-b64984489-dsfqd,5,0.0411,0,1,2,0.625,0.625,0.625,0.6406,0.625,0.625,0.6094,0.625,0.625,0.625
selfish-gravity-b64984489-gqfnc,7,0.0411,0,1,2,0.625,0.625,0.625,0.6406,0.625,0.625,0.6094,0.625,0.625,0.625
selfish-gravity-b64984489-xnrvs,2,0.0411,0,1,2,0.625,0.625,0.625,0.6406,0.625,0.625,0.6094,0.625,0.625,0.625
selfish-gravity-b64984489-lgzhb,4,0.0411,0,1,2,0.625,0.625,0.625,0.6406,0.625,0.625,0.6094,0.625,0.625,0.625
selfish-gravity-b64984489-cqjj5,0,0.0411,0,1,2,0.625,0.625,0.625,0.6406,0.625,0.625,0.6094,0.625,0.625,0.625
selfish-gravity-b64984489-fkd2k,1,0.0411,0,1,2,0.625,0.625,0.625,0.6406,0.625,0.625,0.6094,0.625,0.625,0.625
selfish-gravity-b64984489-fz6tr,6,0.0394,0,1,2,0.625,0.625,0.625,0.6406,0.625,0.625,0.6094,0.625,0.625,0.625
selfish-gravity-b64984489-kpswm,9,0.0411,1,1,2,0.625,0.625,0.625,0.6406,0.625,0.625,0.6094,0.625,0.625,0.625
spry-switch-7cbdd9f66d-fgrj4,3,0.0413,0,1,2,0.6094,0.6094,0.6094,0.6094,0.6094,0.6094,0.5938,0.6094,0.6094,0.6094
spry-switch-7cbdd9f66d-qrd22,7,0.0396,0,1,2,0.6094,0.6094,0.6094,0.6094,0.6094,0.6094,0.5938,0.6094,0.6094,0.6094
spry-switch-7cbdd9f66d-p85nq,0,0.0396,0,1,2,0.6094,0.6094,0.6094,0.6094,0.6094,0.6094,0.5938,0.6094,0.6094,0.6094
spry-switch-7cbdd9f66d-jnw5f,9,0.0396,0,1,2,0.6094,0.6094,0.6094,0.6094,0.6094,0.6094,0.5938,0.6094,0.6094,0.6094
spry-switch-7cbdd9f66d-rltrc,8,0.0396,0,1,2,0.6094,0.6094,0.6094,0.6094,0.6094,0.6094,0.5938,0.6094,0.6094,0.6094
spry-switch-7cbdd9f66d-ddz88,5,0.0396,0,1,2,0.6094,0.6094,0.6094,0.6094,0.6094,0.6094,0.5938,0.6094,0.6094,0.6094
spry-switch-7cbdd9f66d-9k4bv,1,0.0396,0,1,2,0.6094,0.6094,0.6094,0.6094,0.6094,0.6094,0.5938,0.6094,0.6094,0.6094
spry-switch-7cbdd9f66d-8qqxv,2,0.0396,0,1,2,0.6094,0.6094,0.6094,0.6094,0.6094,0.6094,0.5938,0.6094,0.6094,0.6094
spry-switch-7cbdd9f66d-mwtnm,4,0.0396,0,1,2,0.6094,0.6094,0.6094,0.6094,0.6094,0.6094,0.5938,0.6094,0.6094,0.6094
spry-switch-7cbdd9f66d-k9gcm,6,0.0381,0,1,2,0.6094,0.6094,0.6094,0.6094,0.6094,0.6094,0.5938,0.6094,0.6094,0.6094
spry-switch-7cbdd9f66d-gwrlg,3,0.0396,1,1,2,0.6094,0.6094,0.6094,0.6094,0.6094,0.6094,0.5938,0.6094,0.6094,0.6094
objective-bisector-9cc8f59c4-lf9kv,9,0.0385,0,1,2,0.5938,0.5938,0.5938,0.5938,0.5938,0.5938,0.5938,0.5938,0.5938,0.5938
objective-bisector-9cc8f59c4-7znxv,2,0.0385,0,1,2,0.5938,0.5938,0.5938,0.5938,0.5938,0.5938,0.5938,0.5938,0.5938,0.5938
objective-bisector-9cc8f59c4-sdzmk,4,0.0385,0,1,2,0.5938,0.5938,0.5938,0.5938,0.5938,0.5938,0.5938,0.5938,0.5938,0.5938
objective-bisector-9cc8f59c4-cxs8j,1,0.0385,0,1,2,0.5938,0.5938,0.5938,0.5938,0.5938,0.5938,0.5938,0.5938,0.5938,0.5938
objective-bisector-9cc8f59c4-lbg2b,8,0.0385,0,1,2,0.5938,0.5938,0.5938,0.5938,0.5938,0.5938,0.5938,0.5938,0.5938,0.5938
objective-bisector-9cc8f59c4-xcxfn,5,0.0385,0,1,2,0.5938,0.5938,0.5938,0.5938,0.5938,0.5938,0.5938,0.5938,0.5938,0.5938
objective-bisector-9cc8f59c4-l67tw,0,0.0385,0,1,2,0.5938,0.5938,0.5938,0.5938,0.5938,0.5938,0.5938,0.5938,0.5938,0.5938
objective-bisector-9cc8f59c4-xn5pn,3,0.0385,0,1,2,0.5938,0.5938,0.5938,0.5938,0.5938,0.5938,0.5938,0.5938,0.5938,0.5938
objective-bisector-9cc8f59c4-cwjqn,7,0.0385,1,1,2,0.5938,0.5938,0.5938,0.5938,0.5938,0.5938,0.5938,0.5938,0.5938,0.5938
andante-clan-7b96dd6fb9-prl74,0,0.0365,0,1,2,0.5781,0.5781,0.5938,0.5781,0.5781,0.5781,0.5938,0.5781,0.5938,0.5781
andante-clan-7b96dd6fb9-8pr5z,3,0.0365,0,1,2,0.5781,0.5781,0.5938,0.5781,0.5781,0.5781,0.5938,0.5781,0.5938,0.5781
andante-clan-7b96dd6fb9-kgxvm,7,0.0365,0,1,2,0.5781,0.5781,0.5938,0.5781,0.5781,0.5781,0.5938,0.5781,0.5938,0.5781
andante-clan-7b96dd6fb9-5swwc,1,0.0365,0,1,2,0.5781,0.5781,0.5938,0.5781,0.5781,0.5781,0.5938,0.5781,0.5938,0.5781
andante-clan-7b96dd6fb9-qmwrg,4,0.0365,0,1,2,0.5781,0.5781,0.5938,0.5781,0.5781,0.5781,0.5938,0.5781,0.5938,0.5781
andante-clan-7b96dd6fb9-7cbk6,5,0.0365,0,1,2,0.5781,0.5781,0.5938,0.5781,0.5781,0.5781,0.5938,0.5781,0.5938,0.5781
andante-clan-7b96dd6fb9-49qgg,9,0.0365,1,1,2,0.5781,0.5781,0.5938,0.5781,0.5781,0.5781,0.5938,0.5781,0.5938,0.5781
atomic-fleece-7cbd9499c4-zztzp,7,0.0352,0,1,2,0.5781,0.5625,0.5781,0.5781,0.5625,0.5781,0.5781,0.5625,0.5781,0.5781
atomic-fleece-7cbd9499c4-xcccq,4,0.0352,0,1,2,0.5781,0.5625,0.5781,0.5781,0.5625,0.5781,0.5781,0.5625,0.5781,0.5781
atomic-fleece-7cbd9499c4-cj2rm,6,0.0365,0,1,2,0.5781,0.5625,0.5781,0.5781,0.5625,0.5781,0.5781,0.5625,0.5781,0.5781
atomic-fleece-7cbd9499c4-x7qvt,2,0.0365,0,1,2,0.5781,0.5625,0.5781,0.5781,0.5625,0.5781,0.5781,0.5625,0.5781,0.5781
atomic-fleece-7cbd9499c4-fq6kj,8,0.0365,0,1,2,0.5781,0.5625,0.5781,0.5781,0.5625,0.5781,0.5781,0.5625,0.5781,0.5781
atomic-fleece-7cbd9499c4-r4vwx,1,0.0352,1,1,2,0.5781,0.5625,0.5781,0.5781,0.5625,0.5781,0.5781,0.5625,0.5781,0.5781
balanced-seller-575b686786-cfh9b,9,0.0352,0,1,2,0.5625,0.5469,0.5625,0.5625,0.5469,0.5625,0.5625,0.5469,0.5625,0.5469
balanced-seller-575b686786-jdrhx,5,0.0352,0,1,2,0.5625,0.5469,0.5625,0.5625,0.5469,0.5625,0.5625,0.5469,0.5625,0.5469
balanced-seller-575b686786-96bkl,8,0.0352,0,1,2,0.5625,0.5469,0.5625,0.5625,0.5469,0.5625,0.5625,0.5469,0.5625,0.5469
balanced-seller-575b686786-x9svm,3,0.0352,0,1,2,0.5625,0.5469,0.5625,0.5625,0.5469,0.5625,0.5625,0.5469,0.5625,0.5469
balanced-seller-575b686786-5dm45,6,0.0352,0,1,2,0.5625,0.5469,0.5625,0.5625,0.5469,0.5625,0.5625,0.5469,0.5625,0.5469
balanced-seller-575b686786-86wkb,2,0.0352,0,1,2,0.5625,0.5469,0.5625,0.5625,0.5469,0.5625,0.5625,0.5469,0.5625,0.5469
balanced-seller-575b686786-pp2sc,0,0.0352,0,1,2,0.5625,0.5469,0.5625,0.5625,0.5469,0.5625,0.5625,0.5469,0.5625,0.5469
balanced-seller-575b686786-nkbmz,1,0.034,0,1,2,0.5625,0.5469,0.5625,0.5625,0.5469,0.5625,0.5625,0.5469,0.5625,0.5469
balanced-seller-575b686786-p2v52,7,0.034,0,1,2,0.5625,0.5469,0.5625,0.5625,0.5469,0.5625,0.5625,0.5469,0.5625,0.5469
balanced-seller-575b686786-n5264,4,0.0337,0,1,2,0.5625,0.5469,0.5625,0.5625,0.5469,0.5625,0.5625,0.5469,0.5625,0.5469
balanced-seller-575b686786-6hqzw,9,0.0339,1,1,2,0.5469,0.5312,0.5469,0.5469,0.5312,0.5312,0.5469,0.5312,0.5469,0.5312
dry-loveseat-6b595c575d-vjnzj,0,0.0339,0,1,2,0.5469,0.5312,0.5469,0.5469,0.5312,0.5312,0.5469,0.5312,0.5469,0.5312
dry-loveseat-6b595c575d-7q4gk,8,0.0339,0,1,2,0.5469,0.5312,0.5469,0.5469,0.5312,0.5312,0.5469,0.5312,0.5469,0.5312
dry-loveseat-6b595c575d-bxp5z,3,0.0339,0,1,2,0.5469,0.5312,0.5469,0.5469,0.5312,0.5312,0.5469,0.5312,0.5469,0.5312
dry-loveseat-6b595c575d-5j7c2,6,0.0339,0,1,2,0.5469,0.5312,0.5469,0.5469,0.5312,0.5312,0.5469,0.5312,0.5469,0.5312
dry-loveseat-6b595c575d-sr2vz,5,0.0339,0,1,2,0.5469,0.5312,0.5469,0.5469,0.5312,0.5312,0.5469,0.5312,0.5469,0.5312
dry-loveseat-6b595c575d-wn4m4,7,0.0328,0,1,2,0.5469,0.5312,0.5469,0.5469,0.5312,0.5312,0.5469,0.5312,0.5469,0.5312
dry-loveseat-6b595c575d-4qq6n,2,0.0339,0,1,2,0.5469,0.5312,0.5469,0.5469,0.5312,0.5312,0.5469,0.5312,0.5469,0.5312
dry-loveseat-6b595c575d-wjxl4,9,0.0328,0,1,2,0.5469,0.5312,0.5469,0.5469,0.5312,0.5312,0.5469,0.5312,0.5469,0.5312
dry-loveseat-6b595c575d-5g6tm,4,0.0329,0,1,2,0.5469,0.5312,0.5469,0.5469,0.5312,0.5312,0.5469,0.5312,0.5469,0.5156
dry-loveseat-6b595c575d-zzzzh,5,0.0329,0,1,2,0.5312,0.5312,0.5312,0.5312,0.5312,0.5156,0.5312,0.5156,0.5312,0.5156
dry-loveseat-6b595c575d-sznwr,1,0.0329,1,1,2,0.5312,0.5312,0.5312,0.5312,0.5312,0.5156,0.5312,0.5156,0.5312,0.5156
icy-eel-854f49b87c-r7njg,8,0.0329,0,1,2,0.5312,0.5312,0.5312,0.5312,0.5312,0.5156,0.5312,0.5156,0.5312,0.5156
icy-eel-854f49b87c-mwrgc,6,0.0329,0,1,2,0.5312,0.5312,0.5312,0.5312,0.5312,0.5156,0.5312,0.5156,0.5312,0.5156
icy-eel-854f49b87c-cff96,2,0.0329,0,1,2,0.5312,0.5312,0.5312,0.5312,0.5312,0.5156,0.5312,0.5156,0.5312,0.5156
icy-eel-854f49b87c-czgvp,3,0.0329,0,1,2,0.5312,0.5312,0.5312,0.5312,0.5312,0.5156,0.5312,0.5156,0.5312,0.5156
icy-eel-854f49b87c-b4hwf,0,0.0329,0,1,2,0.5312,0.5312,0.5312,0.5312,0.5312,0.5156,0.5312,0.5156,0.5312,0.5156
icy-eel-854f49b87c-8fwst,5,0.0318,0,1,2,0.5312,0.5312,0.5312,0.5312,0.5312,0.5156,0.5312,0.5156,0.5312,0.5156
icy-eel-854f49b87c-srt6c,7,0.0316,0,1,2,0.5312,0.5312,0.5312,0.5312,0.5312,0.5156,0.5312,0.5156,0.5312,0.5156
icy-eel-854f49b87c-nzjqz,9,0.0319,1,1,2,0.5156,0.5156,0.5156,0.5156,0.5156,0.5,0.5156,0.5156,0.5156,0.5
juicy-spot-777f5c854-7d4rt,1,0.0319,0,1,2,0.5156,0.5156,0.5156,0.5156,0.5156,0.5,0.5156,0.5156,0.5156,0.5
juicy-spot-777f5c854-9r96g,3,0.0319,0,1,2,0.5156,0.5156,0.5156,0.5156,0.5156,0.5,0.5156,0.5156,0.5156,0.5
juicy-spot-777f5c854-jzm6b,9,0.0309,0,1,2,0.5156,0.5156,0.5156,0.5156,0.5156,0.5,0.5156,0.5156,0.5156,0.5
juicy-spot-777f5c854-lk6df,2,0.0319,0,1,2,0.5156,0.5156,0.5156,0.5156,0.5156,0.5,0.5156,0.5156,0.5156,0.5
juicy-spot-777f5c854-md8dt,6,0.0319,0,1,2,0.5156,0.5156,0.5156,0.5156,0.5156,0.5,0.5156,0.5156,0.5156,0.5
juicy-spot-777f5c854-nj285,4,0.0319,0,1,2,0.5156,0.5156,0.5156,0.5156,0.5156,0.5,0.5156,0.5156,0.5156,0.5
juicy-spot-777f5c854-qdrjr,8,0.0319,0,1,2,0.5156,0.5156,0.5156,0.5156,0.5156,0.5,0.5156,0.5156,0.5156,0.5
juicy-spot-777f5c854-tgrkd,0,0.0318,0,1,2,0.5156,0.5156,0.5156,0.5156,0.5156,0.5,0.5156,0.5156,0.5156,0.5
juicy-spot-777f5c854-wnnhw,5,0.0309,1,1,2,0.5,0.5156,0.5,0.5,0.5,0.5,0.5,0.5,0.5156,0.5
antique-volley-7d677f8555-8ddkj,4,0.0309,0,1,2,0.5,0.5156,0.5,0.5,0.5,0.5,0.5,0.5,0.5156,0.5
antique-volley-7d677f8555-tqxnl,3,0.0309,0,1,2,0.5,0.5156,0.5,0.5,0.5,0.5,0.5,0.5,0.5156,0.5
antique-volley-7d677f8555-msnhj,2,0.0309,0,1,2,0.5,0.5156,0.5,0.5,0.5,0.5,0.5,0.5,0.5156,0.5
antique-volley-7d677f8555-65fwx,7,0.0309,0,1,2,0.5,0.5156,0.5,0.5,0.5,0.5,0.5,0.5,0.5156,0.5
antique-volley-7d677f8555-lmjkn,0,0.0309,0,1,2,0.5,0.5156,0.5,0.5,0.5,0.5,0.5,0.5,0.5156,0.5
antique-volley-7d677f8555-kzzps,6,0.0309,1,1,2,0.5,0.5156,0.5,0.5,0.5,0.5,0.5,0.5,0.5156,0.5
loyal-gusset-784685b5bc-dxwwr,8,0.0309,0,1,2,0.4844,0.5,0.4844,0.4844,0.4844,0.4844,0.4844,0.4844,0.5,0.4844
loyal-gusset-784685b5bc-t9nh9,3,0.0299,0,1,2,0.4844,0.5,0.4844,0.4844,0.4844,0.4844,0.4844,0.4844,0.5,0.4844
loyal-gusset-784685b5bc-st5f6,1,0.0309,0,1,2,0.4844,0.5,0.4844,0.4844,0.4844,0.4844,0.4844,0.4844,0.5,0.4844
loyal-gusset-784685b5bc-d7v7l,4,0.0299,0,1,2,0.4844,0.5,0.4844,0.4844,0.4844,0.4844,0.4844,0.4844,0.5,0.4844
loyal-gusset-784685b5bc-bgpkd,5,0.0299,0,1,2,0.4844,0.5,0.4844,0.4844,0.4844,0.4844,0.4844,0.4844,0.5,0.4844
loyal-gusset-784685b5bc-9827k,7,0.0299,0,1,2,0.4844,0.5,0.4844,0.4844,0.4844,0.4844,0.4844,0.4844,0.5,0.4844
loyal-gusset-784685b5bc-gr68d,2,0.0299,0,1,2,0.4844,0.5,0.4844,0.4844,0.4844,0.4844,0.4844,0.4844,0.5,0.4844
loyal-gusset-784685b5bc-6gvxs,6,0.0299,0,1,2,0.4844,0.5,0.4844,0.4844,0.4844,0.4844,0.4844,0.4844,0.5,0.4844
loyal-gusset-784685b5bc-v7cvb,0,0.0297,0,1,2,0.4844,0.5,0.4844,0.4844,0.4844,0.4844,0.4844,0.4844,0.5,0.4844
loyal-gusset-784685b5bc-cjcb5,9,0.0299,1,1,2,0.4531,0.4688,0.4688,0.4531,0.4688,0.4688,0.4688,0.4688,0.4688,0.4688
balanced-patio-b886f5bb5-48sqp,9,0.029,0,1,2,0.4531,0.4688,0.4688,0.4531,0.4688,0.4688,0.4688,0.4688,0.4688,0.4688
balanced-patio-b886f5bb5-4p2xn,4,0.029,0,1,2,0.4531,0.4688,0.4688,0.4531,0.4688,0.4688,0.4688,0.4688,0.4688,0.4688
balanced-patio-b886f5bb5-7qqds,5,0.029,0,1,2,0.4531,0.4688,0.4688,0.4531,0.4688,0.4688,0.4688,0.4688,0.4688,0.4688
balanced-patio-b886f5bb5-97ktt,3,0.029,0,1,2,0.4531,0.4688,0.4688,0.4531,0.4688,0.4688,0.4688,0.4688,0.4688,0.4688
balanced-patio-b886f5bb5-bcgs9,3,0.0282,0,1,2,0.4531,0.4688,0.4688,0.4531,0.4688,0.4688,0.4688,0.4688,0.4688,0.4688
balanced-patio-b886f5bb5-cw8tz,6,0.029,0,1,2,0.4531,0.4688,0.4688,0.4531,0.4688,0.4688,0.4688,0.4688,0.4688,0.4688
balanced-patio-b886f5bb5-drqlj,2,0.029,0,1,2,0.4531,0.4688,0.4688,0.4531,0.4688,0.4688,0.4688,0.4688,0.4688,0.4688
balanced-patio-b886f5bb5-dtmkt,7,0.0291,0,1,2,0.4531,0.4688,0.4688,0.4531,0.4688,0.4688,0.4688,0.4688,0.4688,0.4531
balanced-patio-b886f5bb5-ghxls,0,0.0291,0,1,2,0.4531,0.4531,0.4531,0.4375,0.4531,0.4531,0.4531,0.4531,0.4531,0.4531
balanced-patio-b886f5bb5-l8jlt,8,0.03,0,1,2,0.4531,0.4531,0.4531,0.4375,0.4531,0.4531,0.4531,0.4531,0.4531,0.4531
balanced-patio-b886f5bb5-rzrcn,8,0.0291,0,1,2,0.4531,0.4531,0.4531,0.4375,0.4531,0.4531,0.4531,0.4531,0.4531,0.4531
balanced-patio-b886f5bb5-ssqxf,1,0.03,0,1,2,0.4531,0.4531,0.4531,0.4375,0.4531,0.4531,0.4531,0.4531,0.4531,0.4531
balanced-patio-b886f5bb5-wf4pr,1,0.0291,0,1,2,0.4531,0.4531,0.4531,0.4375,0.4531,0.4531,0.4531,0.4531,0.4531,0.4531
balanced-patio-b886f5bb5-wwhjl,0,0.0283,1,1,2,0.4531,0.4531,0.4531,0.4375,0.4531,0.4531,0.4531,0.4531,0.4531,0.4531
median-cleat-6bf85dff88-4h7xk,1,0.0283,0,1,2,0.4531,0.4531,0.4531,0.4375,0.4531,0.4531,0.4531,0.4531,0.4531,0.4531
median-cleat-6bf85dff88-zlj5h,9,0.0283,0,1,2,0.4531,0.4531,0.4531,0.4375,0.4531,0.4531,0.4531,0.4531,0.4531,0.4531
median-cleat-6bf85dff88-gxgbm,6,0.0283,0,1,2,0.4531,0.4531,0.4531,0.4375,0.4531,0.4531,0.4531,0.4531,0.4531,0.4531
median-cleat-6bf85dff88-pdqqf,8,0.0283,0,1,2,0.4531,0.4531,0.4531,0.4375,0.4531,0.4531,0.4531,0.4531,0.4531,0.4531
median-cleat-6bf85dff88-slbgv,5,0.0283,0,1,2,0.4531,0.4531,0.4531,0.4375,0.4531,0.4531,0.4531,0.4531,0.4531,0.4531
median-cleat-6bf85dff88-jztss,2,0.0283,0,1,2,0.4531,0.4531,0.4531,0.4375,0.4531,0.4531,0.4531,0.4531,0.4531,0.4531
median-cleat-6bf85dff88-p966k,7,0.0283,0,1,2,0.4531,0.4531,0.4531,0.4375,0.4531,0.4531,0.4531,0.4531,0.4531,0.4531
median-cleat-6bf85dff88-6tjjr,4,0.0283,0,1,2,0.4531,0.4531,0.4531,0.4375,0.4531,0.4531,0.4531,0.4531,0.4531,0.4531
median-cleat-6bf85dff88-9cr9h,3,0.0275,1,1,2,0.4531,0.4531,0.4531,0.4375,0.4531,0.4531,0.4531,0.4531,0.4531,0.4531
